"post_id","text","post_text","shared_text","original_text","time","timestamp","image","image_lowquality","images","images_description","images_lowquality","images_lowquality_description","video","video_duration_seconds","video_height","video_id","video_quality","video_size_MB","video_thumbnail","video_watches","video_width","likes","comments","shares","post_url","link","links","user_id","username","user_url","is_live","factcheck","shared_post_id","shared_time","shared_user_id","shared_username","shared_post_url","available","comments_full","reactors","w3_fb_url","reactions","reaction_count","with","page_id","sharers","image_id","image_ids","was_live"
"993650478214163","Con Mercado Libre eres Libre de vestirte como quieras en Est√©reo Picnic. üëë Encuentra tu outfit ideal en la app.üì± ¬°Desc√°rgala ahora!","Con Mercado Libre eres Libre de vestirte como quieras en Est√©reo Picnic. üëë Encuentra tu outfit ideal en la app.üì± ¬°Desc√°rgala ahora!","","","2022-03-23 13:47:43","1648061263","","https://scontent.fbog2-3.fna.fbcdn.net/v/t15.5256-10/275749214_389813383145626_3959489004775605280_n.jpg?stp=cp0_dst-jpg_e15_p173x172_q65&_nc_cat=104&ccb=1-5&_nc_sid=ccf8b3&_nc_ohc=Ch8uDJ_Rt1cAX_r8c7S&_nc_ht=scontent.fbog2-3.fna&oh=00_AT8BtyM51PUOvxQkf1s55PuoeIraz2trC6BsS-lKY8jlrw&oe=62441373","[]","[]","['https://scontent.fbog2-3.fna.fbcdn.net/v/t15.5256-10/275749214_389813383145626_3959489004775605280_n.jpg?stp=cp0_dst-jpg_e15_p173x172_q65&_nc_cat=104&ccb=1-5&_nc_sid=ccf8b3&_nc_ohc=Ch8uDJ_Rt1cAX_r8c7S&_nc_ht=scontent.fbog2-3.fna&oh=00_AT8BtyM51PUOvxQkf1s55PuoeIraz2trC6BsS-lKY8jlrw&oe=62441373']","[None]","https://video.fbog2-5.fna.fbcdn.net/v/t42.1790-2/10000000_1013780602885160_7889987599313919995_n.mp4?_nc_cat=110&vs=a0bc87268eb3747b&_nc_vs=HBksFQAYJEdJQ1dtQUFvRkxjd0I1b0RBUHZmVnl2cjNYNXRidjRHQUFBRhUAAsgBABUAGCRHT0VFZ2hBcVlZU2p5SGNCQU84LVVHaWFaUGhWYnY0R0FBQUYVAgLIAQAoRC1pICclcycgLWZiX3VzZV90ZmR0X3N0YXJ0dGltZSAxIC1pICclcycgLWMgY29weSAtbW92ZmxhZ3MgZmFzdHN0YXJ0KwaIEnByb2dyZXNzaXZlX3JlY2lwZQExDXN1YnNhbXBsZV9mcHMAEHZtYWZfZW5hYmxlX25zdWIAIG1lYXN1cmVfb3JpZ2luYWxfcmVzb2x1dGlvbl9zc2ltAChjb21wdXRlX3NzaW1fb25seV9hdF9vcmlnaW5hbF9yZXNvbHV0aW9uABFkaXNhYmxlX3Bvc3RfcHZxcwAVACUAHAAAJrrr6u2HorEBFZBOKAJDMxgDYXYxHBdAdhiHKwIMShgZZGFzaF9saXZlX21kX2ZyYWdfMl92aWRlbxIAGBh2aWRlb3MudnRzLmNhbGxiYWNrLnByb2QZHBUAFfK2BAAoElZJREVPX1ZJRVdfUkVRVUVTVBsOiBVvZW1fdGFyZ2V0X2VuY29kZV90YWcGb2VwX3NkE29lbV9yZXF1ZXN0X3RpbWVfbXMBMAxvZW1fY2ZnX3J1bGUKd2FzbGl2ZV9zZBNvZW1fcm9pX3JlYWNoX2NvdW50CDE2NjQ4OTA1EW9lbV9pc19leHBlcmltZW50AAxvZW1fcm9pX25vdGULcHJvZ3Jlc3NpdmURb2VtX3JvaV91c2VyX3RpZXIAHm9lbV9yb2lfcHJlZGljdGVkX3dhdGNoX3RpbWVfcwEwFm9lbV9yb2lfcmVjaXBlX2JlbmVmaXQFMC4wMDAlb2VtX3JvaV9zdGF0aWNfYmVuZWZpdF9jb3N0X2V2YWx1YXRvcgtwcm9ncmVzc2l2ZQxvZW1fdmlkZW9faWQPOTkzNjUwNDc4MjE0MTYzEm9lbV92aWRlb19hc3NldF9pZA80NTY1NzgxNjI5MzM5MTIVb2VtX3ZpZGVvX3Jlc291cmNlX2lkDzM4OTgxMjI4NjQ3OTA2ORxvZW1fc291cmNlX3ZpZGVvX2VuY29kaW5nX2lkDzY4Njk2Mjg2OTI5ODU5OCUEHBwcFfDmFxsBVQACGwFVAAIcFQIAAAAWgLq3AwAlvgEbB4gBcwQ1NTQ4AmNkCjIwMjItMDMtMjMDcmNiCDE2NjQ4OTAwA2FwcApTdHJlYW1ZYXJkAmN0CUJST0FEQ0FTVBNvcmlnaW5hbF9kdXJhdGlvbl9zBzM1My42NjQCdHMUcHJvZ3Jlc3NpdmVfb3JkZXJpbmcA&ccb=1-5&_nc_sid=768f5c&_nc_ohc=qNoWv_hJmtIAX_AuYWg&_nc_rml=0&_nc_ht=video.fbog2-5.fna&oh=00_AT9zwS0RGQTmcihx9w6bCcmpO7pkxdtrvn1eZYlei32FDQ&oe=623EB1D6&_nc_rid=516146095844535","","","993650478214163","","","https://scontent.fbog2-3.fna.fbcdn.net/v/t15.5256-10/275749214_389813383145626_3959489004775605280_n.jpg?stp=cp0_dst-jpg_e15_p173x172_q65&_nc_cat=104&ccb=1-5&_nc_sid=ccf8b3&_nc_ohc=Ch8uDJ_Rt1cAX_r8c7S&_nc_ht=scontent.fbog2-3.fna&oh=00_AT8BtyM51PUOvxQkf1s55PuoeIraz2trC6BsS-lKY8jlrw&oe=62441373","","","17","5","0","https://facebook.com/mercadolibrecol/posts/993650478214163","","[]","113375567064164","Mercado Libre","https://facebook.com/mercadolibrecol/?locale2=en_US&__tn__=C-R","","","","","","","","1","","","","","","","113375567064164","","","[]","1"
"506891317672045","Con Mercado Libre eres Libre de vestirte como quieras en Est√©reo Picnic. üëë Encuentra tu outfit ideal en la app.üì± ¬°Desc√°rgala ahora!","Con Mercado Libre eres Libre de vestirte como quieras en Est√©reo Picnic. üëë Encuentra tu outfit ideal en la app.üì± ¬°Desc√°rgala ahora!","","","2022-03-23 12:34:23","1648056863","","https://scontent.fbog2-4.fna.fbcdn.net/v/t15.5256-10/276995046_528078665422824_7333329238090928411_n.jpg?stp=cp0_dst-jpg_e15_p173x172_q65&_nc_cat=107&ccb=1-5&_nc_sid=ccf8b3&_nc_ohc=oqnSqBfndpoAX_cAT2D&_nc_ht=scontent.fbog2-4.fna&oh=00_AT842AGcTaNSzTHyeFnOFgJOVhU_853VniOn_-zERi0Wsw&oe=624313DB","[]","[]","['https://scontent.fbog2-4.fna.fbcdn.net/v/t15.5256-10/276995046_528078665422824_7333329238090928411_n.jpg?stp=cp0_dst-jpg_e15_p173x172_q65&_nc_cat=107&ccb=1-5&_nc_sid=ccf8b3&_nc_ohc=oqnSqBfndpoAX_cAT2D&_nc_ht=scontent.fbog2-4.fna&oh=00_AT842AGcTaNSzTHyeFnOFgJOVhU_853VniOn_-zERi0Wsw&oe=624313DB']","[None]","https://video.fbog2-4.fna.fbcdn.net/v/t42.1790-2/10000000_376713020742002_6473420347196646769_n.mp4?_nc_cat=108&vs=1ee5e73b561c7efa&_nc_vs=HBksFQAYJEdJQ1dtQUJ5bWNoVm5sWUJBSEVsY1JTQ05kWlpidjRHQUFBRhUAAsgBABUAGCRHR1RpaEJDNDd0bzg5bE1CQUtOclAxWXFNdGtFYnY0R0FBQUYVAgLIAQAoRC1pICclcycgLWZiX3VzZV90ZmR0X3N0YXJ0dGltZSAxIC1pICclcycgLWMgY29weSAtbW92ZmxhZ3MgZmFzdHN0YXJ0KwaIEnByb2dyZXNzaXZlX3JlY2lwZQExDXN1YnNhbXBsZV9mcHMAEHZtYWZfZW5hYmxlX25zdWIAIG1lYXN1cmVfb3JpZ2luYWxfcmVzb2x1dGlvbl9zc2ltAChjb21wdXRlX3NzaW1fb25seV9hdF9vcmlnaW5hbF9yZXNvbHV0aW9uABFkaXNhYmxlX3Bvc3RfcHZxcwAVACUAHAAAJtDnuMH2kfABFZBOKAJDMxgDYXYxHBdAbBu%2Bdsi0ORgZZGFzaF9saXZlX21kX2ZyYWdfMl92aWRlbxIAGBh2aWRlb3MudnRzLmNhbGxiYWNrLnByb2QZHBUAFfK2BAAoElZJREVPX1ZJRVdfUkVRVUVTVBsOiBVvZW1fdGFyZ2V0X2VuY29kZV90YWcGb2VwX3NkE29lbV9yZXF1ZXN0X3RpbWVfbXMBMAxvZW1fY2ZnX3J1bGUKd2FzbGl2ZV9zZBNvZW1fcm9pX3JlYWNoX2NvdW50CDE2NjQ4ODY0EW9lbV9pc19leHBlcmltZW50AAxvZW1fcm9pX25vdGULcHJvZ3Jlc3NpdmURb2VtX3JvaV91c2VyX3RpZXIAHm9lbV9yb2lfcHJlZGljdGVkX3dhdGNoX3RpbWVfcwEwFm9lbV9yb2lfcmVjaXBlX2JlbmVmaXQFMC4wMDAlb2VtX3JvaV9zdGF0aWNfYmVuZWZpdF9jb3N0X2V2YWx1YXRvcgtwcm9ncmVzc2l2ZQxvZW1fdmlkZW9faWQPNTA2ODkxMzE3NjcyMDQ1Em9lbV92aWRlb19hc3NldF9pZA80OTQ0MjQwODIyMjExMDIVb2VtX3ZpZGVvX3Jlc291cmNlX2lkDzUyODA3MzU0NTQyMzMzNhxvZW1fc291cmNlX3ZpZGVvX2VuY29kaW5nX2lkDzc2NjA3Nzk0MTAyNjc2MSUEHBwcFfDmFxsBVQACGwFVAAIcFQIAAAAWgLq3AwAlvgEbB4gBcwQ0NjQzAmNkCjIwMjItMDMtMjMDcmNiCDE2NjQ4ODAwA2FwcApTdHJlYW1ZYXJkAmN0CUJST0FEQ0FTVBNvcmlnaW5hbF9kdXJhdGlvbl9zBjIyNC45OAJ0cxRwcm9ncmVzc2l2ZV9vcmRlcmluZwA%3D&ccb=1-5&_nc_sid=768f5c&_nc_ohc=5C9roHQhF6YAX-wYccJ&_nc_rml=0&_nc_ht=video.fbog2-4.fna&oh=00_AT9lxhNH2UHq4TH3DWCRAajQepX_f8xdrHs8IVrJzFJxow&oe=623EACA0&_nc_rid=620484935781079","","","506891317672045","","","https://scontent.fbog2-4.fna.fbcdn.net/v/t15.5256-10/276995046_528078665422824_7333329238090928411_n.jpg?stp=cp0_dst-jpg_e15_p173x172_q65&_nc_cat=107&ccb=1-5&_nc_sid=ccf8b3&_nc_ohc=oqnSqBfndpoAX_cAT2D&_nc_ht=scontent.fbog2-4.fna&oh=00_AT842AGcTaNSzTHyeFnOFgJOVhU_853VniOn_-zERi0Wsw&oe=624313DB","","","12","9","2","https://facebook.com/mercadolibrecol/posts/506891317672045","","[]","113375567064164","Mercado Libre","https://facebook.com/mercadolibrecol/?locale2=en_US&__tn__=C-R","","","","","","","","1","","","","","","","113375567064164","","","[]","1"
"509986180736432","Con Mercado Libre eres Libre de vestirte como quieras en Est√©reo Picnic. üëë Encuentra tu outfit ideal en la app.üì± ¬°Desc√°rgala ahora!

Con Mercado Libre eres Libre de vestirte como quieras en Est√©reo Picnic. üëë Encuentra tu outfit ideal en la app.üì± ¬°Desc√°rgala ahora!","Con Mercado Libre eres Libre de vestirte como quieras en Est√©reo Picnic. üëë Encuentra tu outfit ideal en la app.üì± ¬°Desc√°rgala ahora!","Con Mercado Libre eres Libre de vestirte como quieras en Est√©reo Picnic. üëë Encuentra tu outfit ideal en la app.üì± ¬°Desc√°rgala ahora!","","2022-03-23 12:30:46","1648056646","","","[]","[]","[]","[]","","","","","","","","","","24","5","0","https://facebook.com/mercadolibrecol/posts/509986180736432","","[]","113375567064164","Mercado Libre","https://facebook.com/mercadolibrecol/?locale2=en_US&__tn__=C-R","","","","","","","","1","","","","","","","113375567064164","","","[]","1"
"509352767466440","‚ö†Ô∏è Siempre que necesites ayuda debes ingresar a este link üëâ https://www.mercadolibre.com.co/ayuda","‚ö†Ô∏è Siempre que necesites ayuda debes ingresar a este link üëâ https://www.mercadolibre.com.co/ayuda","","","2022-03-22 11:40:49","1647967249","https://scontent.fbog2-4.fna.fbcdn.net/v/t39.30808-6/276155262_509352714133112_9105480715382383870_n.jpg?stp=cp0_dst-jpg_e15_fr_q65&_nc_cat=107&ccb=1-5&_nc_sid=8024bb&_nc_ohc=jL4dnQg46WgAX8B9MYU&_nc_ht=scontent.fbog2-4.fna&oh=00_AT9-DWdi375KR6LB6ub10fAQZlbnzEBBBUlkoWp8jCAsGg&oe=62434CC5","https://scontent.fbog2-4.fna.fbcdn.net/v/t39.30808-6/276155262_509352714133112_9105480715382383870_n.jpg?stp=cp0_dst-jpg_e15_p320x320_q65&_nc_cat=107&ccb=1-5&_nc_sid=8024bb&_nc_ohc=jL4dnQg46WgAX8B9MYU&_nc_ht=scontent.fbog2-4.fna&oh=00_AT8_11FQPhwwjbIHduZUeJda8I9on4qHupX5AQulx_oUVw&oe=62434CC5","['https://scontent.fbog2-4.fna.fbcdn.net/v/t39.30808-6/276155262_509352714133112_9105480715382383870_n.jpg?stp=cp0_dst-jpg_e15_fr_q65&_nc_cat=107&ccb=1-5&_nc_sid=8024bb&_nc_ohc=jL4dnQg46WgAX8B9MYU&_nc_ht=scontent.fbog2-4.fna&oh=00_AT9-DWdi375KR6LB6ub10fAQZlbnzEBBBUlkoWp8jCAsGg&oe=62434CC5']","[""May be an image of text that says '12:30 mercado libre NUESTRO SERVICIO AL CLIENTE NUNCA TE VA A PEDIR DATOS DE TU TARJETA DE CR√âDITO TE QUEREMOS CUIDAR'""]","['https://scontent.fbog2-4.fna.fbcdn.net/v/t39.30808-6/276155262_509352714133112_9105480715382383870_n.jpg?stp=cp0_dst-jpg_e15_p320x320_q65&_nc_cat=107&ccb=1-5&_nc_sid=8024bb&_nc_ohc=jL4dnQg46WgAX8B9MYU&_nc_ht=scontent.fbog2-4.fna&oh=00_AT8_11FQPhwwjbIHduZUeJda8I9on4qHupX5AQulx_oUVw&oe=62434CC5']","[""May be an image of text that says '12:30 mercado libre NUESTRO SERVICIO AL CLIENTE NUNCA TE VA A PEDIR DATOS DE TU TARJETA DE CR√âDITO TE QUEREMOS CUIDAR'""]","","","","","","","","","","53","24","3","https://facebook.com/mercadolibrecol/posts/509352767466440","https://www.mercadolibre.com.co/ayuda","[{'link': 'https://lm.facebook.com/l.php?u=https%3A%2F%2Fwww.mercadolibre.com.co%2Fayuda&h=AT356KTfwd_rh30knLADHSUEVtIXyONzFEBFOTUt0Y5ZAUIKGf-DSU-YoDMJAtxdxMv6fdvga3BqqqFLhasqL3Uy428IGDYXgqIQokmwodoF6Y160SkGo8RPBZnhuCKw7pNu-vUOCuabEOMf8XtDhV1U23H38YfSMZB4z3vyWneP', 'text': 'https://www.mercadolibre.com.co/ayuda'}]","113375567064164","Mercado Libre","https://facebook.com/mercadolibrecol/?locale2=en_US&__tn__=C-R","","","","","","","","1","","","","","","","113375567064164","","509352724133111","['509352724133111']",""
"505431471191903","Para que compres con tranquilidad, tienes que conocer esos detallitos de tus tarjetas. üí≥ ¬°Nosotros te ense√±amos! ü§ùüèª","Para que compres con tranquilidad, tienes que conocer esos detallitos de tus tarjetas. üí≥ ¬°Nosotros te ense√±amos! ü§ùüèª","","","2022-03-16 11:20:21","1647447621","https://scontent.fbog2-5.fna.fbcdn.net/v/t39.30808-6/275927041_505431437858573_9059621591112857182_n.jpg?stp=cp0_dst-jpg_e15_fr_q65&_nc_cat=102&ccb=1-5&_nc_sid=8024bb&_nc_ohc=3szQMh46RM8AX8rcY5o&_nc_ht=scontent.fbog2-5.fna&oh=00_AT_PLNEqRN1rEvsifb0_qjzqygCZN74dwJzgi7asfW2Wjg&oe=62438D04","https://scontent.fbog2-5.fna.fbcdn.net/v/t39.30808-6/275927041_505431437858573_9059621591112857182_n.jpg?stp=cp0_dst-jpg_e15_p320x320_q65&_nc_cat=102&ccb=1-5&_nc_sid=8024bb&_nc_ohc=3szQMh46RM8AX8rcY5o&_nc_ht=scontent.fbog2-5.fna&oh=00_AT_k2AtjcG7E188AzW-2DRO5xzSgKGjH6NQ05J-5G5CaoA&oe=62438D04","['https://scontent.fbog2-5.fna.fbcdn.net/v/t39.30808-6/275927041_505431437858573_9059621591112857182_n.jpg?stp=cp0_dst-jpg_e15_fr_q65&_nc_cat=102&ccb=1-5&_nc_sid=8024bb&_nc_ohc=3szQMh46RM8AX8rcY5o&_nc_ht=scontent.fbog2-5.fna&oh=00_AT_PLNEqRN1rEvsifb0_qjzqygCZN74dwJzgi7asfW2Wjg&oe=62438D04']","[""May be an image of text that says '¬øSAB√çAS QU√â EL CVC Y CVV SON LO MISMO? Es ese n√∫mero de 3 4 d√≠gitos que sale en la parte de atr√°s de tu tarjeta de cr√©dito O en algunas d√©bito XX/XX mercado libre'""]","['https://scontent.fbog2-5.fna.fbcdn.net/v/t39.30808-6/275927041_505431437858573_9059621591112857182_n.jpg?stp=cp0_dst-jpg_e15_p320x320_q65&_nc_cat=102&ccb=1-5&_nc_sid=8024bb&_nc_ohc=3szQMh46RM8AX8rcY5o&_nc_ht=scontent.fbog2-5.fna&oh=00_AT_k2AtjcG7E188AzW-2DRO5xzSgKGjH6NQ05J-5G5CaoA&oe=62438D04']","[""May be an image of text that says '¬øSAB√çAS QU√â EL CVC Y CVV SON LO MISMO? Es ese n√∫mero de 3 4 d√≠gitos que sale en la parte de atr√°s de tu tarjeta de cr√©dito O en algunas d√©bito XX/XX mercado libre'""]","","","","","","","","","","58","29","1","https://facebook.com/mercadolibrecol/posts/505431471191903","","[]","113375567064164","Mercado Libre","https://facebook.com/mercadolibrecol/?locale2=en_US&__tn__=C-R","","","","","","","","1","","","","","","","113375567064164","","505431441191906","['505431441191906']",""
"502159484852435","Compra y recibe tus pedidos en 24 y 48 horas. En Mercado Libre en el D√≠a sin IVA entramos todos a comprar. üòé","Compra y recibe tus pedidos en 24 y 48 horas. En Mercado Libre en el D√≠a sin IVA entramos todos a comprar. üòé","","","2022-03-11 09:37:26","1647009446","","https://scontent.fbog2-5.fna.fbcdn.net/v/t15.5256-10/275564310_1343469776159032_2394809406489586555_n.jpg?stp=cp0_dst-jpg_e15_p320x320_q65&_nc_cat=109&ccb=1-5&_nc_sid=ccf8b3&_nc_ohc=jO5aitsa5a8AX-BdICL&_nc_ht=scontent.fbog2-5.fna&oh=00_AT_YdlKOqCjpBGgVqY_Jj4jvm3K_nXtkdzslQVFbNE_1kw&oe=62439258","[]","[]","['https://scontent.fbog2-5.fna.fbcdn.net/v/t15.5256-10/275564310_1343469776159032_2394809406489586555_n.jpg?stp=cp0_dst-jpg_e15_p320x320_q65&_nc_cat=109&ccb=1-5&_nc_sid=ccf8b3&_nc_ohc=jO5aitsa5a8AX-BdICL&_nc_ht=scontent.fbog2-5.fna&oh=00_AT_YdlKOqCjpBGgVqY_Jj4jvm3K_nXtkdzslQVFbNE_1kw&oe=62439258']","[None]","https://video.fbog2-3.fna.fbcdn.net/v/t42.1790-2/275639646_108054025148620_1139140659029441987_n.mp4?_nc_cat=104&ccb=1-5&_nc_sid=985c63&efg=eyJ2ZW5jb2RlX3RhZyI6InN2ZV9zZCJ9&_nc_ohc=ye04xSckPDUAX9hWWZj&_nc_rml=0&_nc_ht=video.fbog2-3.fna&oh=00_AT9Kz3WV3D0XFuZdRijc_b7CkNfa9T7-8hIb1Apt7E8R9g&oe=623EB1EB","","","717735345892473","","","https://scontent.fbog2-5.fna.fbcdn.net/v/t15.5256-10/275564310_1343469776159032_2394809406489586555_n.jpg?stp=cp0_dst-jpg_e15_p320x320_q65&_nc_cat=109&ccb=1-5&_nc_sid=ccf8b3&_nc_ohc=jO5aitsa5a8AX-BdICL&_nc_ht=scontent.fbog2-5.fna&oh=00_AT_YdlKOqCjpBGgVqY_Jj4jvm3K_nXtkdzslQVFbNE_1kw&oe=62439258","","","50","49","0","https://facebook.com/mercadolibrecol/posts/502159484852435","","[]","113375567064164","Mercado Libre","https://facebook.com/mercadolibrecol/?locale2=en_US&__tn__=C-R","","","","","","","","1","","","","","","","113375567064164","","","[]",""
"492110515857332","Mercado Libre tiene diferentes opciones para que puedas comprar lo que quieras, cuando quieras y lo mejor es que puedes pagar hasta en 12 meses sin intereses. üì≤üòç Vale la pena aprovecharlo, ¬øno?","Mercado Libre tiene diferentes opciones para que puedas comprar lo que quieras, cuando quieras y lo mejor es que puedes pagar hasta en 12 meses sin intereses. üì≤üòç Vale la pena aprovecharlo, ¬øno?","","","2022-02-23 18:00:27","1645657227","https://scontent.fbog2-5.fna.fbcdn.net/v/t39.30808-6/274372749_492107495857634_407058440720707932_n.jpg?stp=cp0_dst-jpg_e15_fr_q65&_nc_cat=105&ccb=1-5&_nc_sid=8024bb&_nc_ohc=43sX-SrU_k8AX_SxteV&_nc_ht=scontent.fbog2-5.fna&oh=00_AT-Mtwh8XQJKURdRvhxezGsTxDHI8IjJtNOZPOaVt0ZyMg&oe=624328AD","https://scontent.fbog2-5.fna.fbcdn.net/v/t39.30808-6/274372749_492107495857634_407058440720707932_n.jpg?stp=cp0_dst-jpg_e15_p320x320_q65&_nc_cat=105&ccb=1-5&_nc_sid=8024bb&_nc_ohc=43sX-SrU_k8AX_SxteV&_nc_ht=scontent.fbog2-5.fna&oh=00_AT_z0LAIOHI3cA5qi-z_SwprQrdehOOuf3xb44RvTqU5-A&oe=624328AD","['https://scontent.fbog2-5.fna.fbcdn.net/v/t39.30808-6/274372749_492107495857634_407058440720707932_n.jpg?stp=cp0_dst-jpg_e15_fr_q65&_nc_cat=105&ccb=1-5&_nc_sid=8024bb&_nc_ohc=43sX-SrU_k8AX_SxteV&_nc_ht=scontent.fbog2-5.fna&oh=00_AT-Mtwh8XQJKURdRvhxezGsTxDHI8IjJtNOZPOaVt0ZyMg&oe=624328AD']","[""May be an image of 1 person and text that says 'TU CARA CUANDO PUEDES PAGAR A CUOTAS Y SIN INTERESES EN TU TARJETA DE CR√âDITO. VISA mastercard'""]","['https://scontent.fbog2-5.fna.fbcdn.net/v/t39.30808-6/274372749_492107495857634_407058440720707932_n.jpg?stp=cp0_dst-jpg_e15_p320x320_q65&_nc_cat=105&ccb=1-5&_nc_sid=8024bb&_nc_ohc=43sX-SrU_k8AX_SxteV&_nc_ht=scontent.fbog2-5.fna&oh=00_AT_z0LAIOHI3cA5qi-z_SwprQrdehOOuf3xb44RvTqU5-A&oe=624328AD']","[""May be an image of 1 person and text that says 'TU CARA CUANDO PUEDES PAGAR A CUOTAS Y SIN INTERESES EN TU TARJETA DE CR√âDITO. VISA mastercard'""]","","","","","","","","","","45","93","3","https://facebook.com/mercadolibrecol/posts/492110515857332","","[]","113375567064164","Mercado Libre","https://facebook.com/mercadolibrecol/?locale2=en_US&__tn__=C-R","","","","","","","","1","","","","","","","113375567064164","","492107502524300","['492107502524300']",""
"488859766182407","Porque la promo de tecnolog√≠a finaliza el domingo a medianoche. Tic toc tic toc ‚è≥ Aprovecha y no te arrepientas.üì¶","Porque la promo de tecnolog√≠a finaliza el domingo a medianoche. Tic toc tic toc ‚è≥ Aprovecha y no te arrepientas.üì¶","","","2022-02-18 17:09:46","1645222186","https://scontent.fbog2-3.fna.fbcdn.net/v/t39.30808-6/274304468_488859629515754_976167982218729232_n.jpg?stp=cp0_dst-jpg_e15_fr_q65&_nc_cat=106&ccb=1-5&_nc_sid=8024bb&_nc_ohc=nkGKNz4LCZIAX_Q86Nr&_nc_ht=scontent.fbog2-3.fna&oh=00_AT-wZGCLmIQsw5vL3_KfpgtV5adTRtBoEArDktOT2WpcIw&oe=624357A8","https://scontent.fbog2-3.fna.fbcdn.net/v/t39.30808-6/274304468_488859629515754_976167982218729232_n.jpg?stp=cp0_dst-jpg_e15_p320x320_q65&_nc_cat=106&ccb=1-5&_nc_sid=8024bb&_nc_ohc=nkGKNz4LCZIAX_Q86Nr&_nc_ht=scontent.fbog2-3.fna&oh=00_AT-_yg1hdWinEBybKupmxdzMV6TIURoSp1fvGvA4YZyylA&oe=624357A8","['https://scontent.fbog2-3.fna.fbcdn.net/v/t39.30808-6/274304468_488859629515754_976167982218729232_n.jpg?stp=cp0_dst-jpg_e15_fr_q65&_nc_cat=106&ccb=1-5&_nc_sid=8024bb&_nc_ohc=nkGKNz4LCZIAX_Q86Nr&_nc_ht=scontent.fbog2-3.fna&oh=00_AT-wZGCLmIQsw5vL3_KfpgtV5adTRtBoEArDktOT2WpcIw&oe=624357A8']","[""May be an image of text that says '‡∂∏‡∑ù‡∂Ω‡∂ª CONSEJOSABIODELD√çA: CONSEJO SABIO DEL D√çA: O DEJES PARA MA√ëANA LO QUE PUEDES COMPRAR HOY... M of'""]","['https://scontent.fbog2-3.fna.fbcdn.net/v/t39.30808-6/274304468_488859629515754_976167982218729232_n.jpg?stp=cp0_dst-jpg_e15_p320x320_q65&_nc_cat=106&ccb=1-5&_nc_sid=8024bb&_nc_ohc=nkGKNz4LCZIAX_Q86Nr&_nc_ht=scontent.fbog2-3.fna&oh=00_AT-_yg1hdWinEBybKupmxdzMV6TIURoSp1fvGvA4YZyylA&oe=624357A8']","[""May be an image of text that says '‡∂∏‡∑ù‡∂Ω‡∂ª CONSEJOSABIODELD√çA: CONSEJO SABIO DEL D√çA: O DEJES PARA MA√ëANA LO QUE PUEDES COMPRAR HOY... M of'""]","","","","","","","","","","56","47","0","https://facebook.com/mercadolibrecol/posts/488859766182407","","[]","113375567064164","Mercado Libre","https://facebook.com/mercadolibrecol/?locale2=en_US&__tn__=C-R","","","","","","","","1","","","","","","","113375567064164","","488859636182420","['488859636182420']",""
"482397103495340","Gracias a nuestro especial en tecnolog√≠a, no sabemos con cual quedarnos ü§≠ü§©
¬°Reacciona con cu√°l te quedar√≠as y aprovecha los incre√≠bles descuentos en nuestra web!","Gracias a nuestro especial en tecnolog√≠a, no sabemos con cual quedarnos ü§≠ü§©
¬°Reacciona con cu√°l te quedar√≠as y aprovecha los incre√≠bles descuentos en nuestra web!","","","2022-02-08 18:00:00","1644361200","https://scontent.fbog2-4.fna.fbcdn.net/v/t39.30808-6/273426443_482397006828683_3151171998238456611_n.jpg?stp=cp0_dst-jpg_e15_fr_q65&_nc_cat=100&ccb=1-5&_nc_sid=8024bb&_nc_ohc=Lpu0oXa0I3QAX9WAGzn&_nc_ht=scontent.fbog2-4.fna&oh=00_AT8zzW2od0DzjjPtlFxVnH2tJcAItdW764dmjUfquyVsAA&oe=6242D3A7","https://scontent.fbog2-4.fna.fbcdn.net/v/t39.30808-6/273426443_482397006828683_3151171998238456611_n.jpg?stp=cp0_dst-jpg_e15_p320x320_q65&_nc_cat=100&ccb=1-5&_nc_sid=8024bb&_nc_ohc=Lpu0oXa0I3QAX9WAGzn&_nc_ht=scontent.fbog2-4.fna&oh=00_AT9Ue3UkWYkUvgHD12WhkSojI7iuB5ghrdrmdBTlqU52Yg&oe=6242D3A7","['https://scontent.fbog2-4.fna.fbcdn.net/v/t39.30808-6/273426443_482397006828683_3151171998238456611_n.jpg?stp=cp0_dst-jpg_e15_fr_q65&_nc_cat=100&ccb=1-5&_nc_sid=8024bb&_nc_ohc=Lpu0oXa0I3QAX9WAGzn&_nc_ht=scontent.fbog2-4.fna&oh=00_AT8zzW2od0DzjjPtlFxVnH2tJcAItdW764dmjUfquyVsAA&oe=6242D3A7']","[""May be an image of screen and text that says 'SONY 6'""]","['https://scontent.fbog2-4.fna.fbcdn.net/v/t39.30808-6/273426443_482397006828683_3151171998238456611_n.jpg?stp=cp0_dst-jpg_e15_p320x320_q65&_nc_cat=100&ccb=1-5&_nc_sid=8024bb&_nc_ohc=Lpu0oXa0I3QAX9WAGzn&_nc_ht=scontent.fbog2-4.fna&oh=00_AT9Ue3UkWYkUvgHD12WhkSojI7iuB5ghrdrmdBTlqU52Yg&oe=6242D3A7']","[""May be an image of screen and text that says 'SONY 6'""]","","","","","","","","","","67","56","1","https://facebook.com/mercadolibrecol/posts/482397103495340","","[]","113375567064164","Mercado Libre","https://facebook.com/mercadolibrecol/?locale2=en_US&__tn__=C-R","","","","","","","","1","","","","","","","113375567064164","","482397010162016","['482397010162016']",""
"480017963733254","¬°Te cuidamos a ti y a tus datos como un tesoro! üíé üë®üèª‚Äçüíª Por eso la informaci√≥n que ingresas en la web/app a la hora de registrarte la usamos para que t√∫ y solo t√∫ seas el que entre a la cuenta.","¬°Te cuidamos a ti y a tus datos como un tesoro! üíé üë®üèª‚Äçüíª Por eso la informaci√≥n que ingresas en la web/app a la hora de registrarte la usamos para que t√∫ y solo t√∫ seas el que entre a la cuenta.","","","2022-02-04 17:16:56","1644013016","","https://scontent.fbog2-5.fna.fbcdn.net/v/t15.5256-10/273195417_907425556618478_8237456773613726078_n.jpg?stp=cp0_dst-jpg_e15_p320x320_q65&_nc_cat=110&ccb=1-5&_nc_sid=ccf8b3&_nc_ohc=y6TM8Zg3RBwAX8Ft1QL&_nc_ht=scontent.fbog2-5.fna&oh=00_AT_nBk6-z2v6HvSw52_TTo8aPRPWUkHVy6Y0mm-Satuevg&oe=6242ACB2","[]","[]","['https://scontent.fbog2-5.fna.fbcdn.net/v/t15.5256-10/273195417_907425556618478_8237456773613726078_n.jpg?stp=cp0_dst-jpg_e15_p320x320_q65&_nc_cat=110&ccb=1-5&_nc_sid=ccf8b3&_nc_ohc=y6TM8Zg3RBwAX8Ft1QL&_nc_ht=scontent.fbog2-5.fna&oh=00_AT_nBk6-z2v6HvSw52_TTo8aPRPWUkHVy6Y0mm-Satuevg&oe=6242ACB2']","[None]","https://video.fbog2-5.fna.fbcdn.net/v/t42.1790-2/273170822_4767118170051076_7378041583397972390_n.mp4?_nc_cat=102&ccb=1-5&_nc_sid=985c63&efg=eyJ2ZW5jb2RlX3RhZyI6InN2ZV9zZCJ9&_nc_ohc=o1I0iseR0PMAX-8n8iX&_nc_rml=0&_nc_ht=video.fbog2-5.fna&oh=00_AT-EQZOO648vA6efCH_ROV6oL8dwJY8luLUQYk1kSnUwYw&oe=623EACC7","","","450005553435984","","","https://scontent.fbog2-5.fna.fbcdn.net/v/t15.5256-10/273195417_907425556618478_8237456773613726078_n.jpg?stp=cp0_dst-jpg_e15_p320x320_q65&_nc_cat=110&ccb=1-5&_nc_sid=ccf8b3&_nc_ohc=y6TM8Zg3RBwAX8Ft1QL&_nc_ht=scontent.fbog2-5.fna&oh=00_AT_nBk6-z2v6HvSw52_TTo8aPRPWUkHVy6Y0mm-Satuevg&oe=6242ACB2","","","84","54","0","https://facebook.com/mercadolibrecol/posts/480017963733254","","[]","113375567064164","Mercado Libre","https://facebook.com/mercadolibrecol/?locale2=en_US&__tn__=C-R","","","","","","","","1","","","","","","","113375567064164","","","[]",""
"474508114284239","Estas son las reacciones que nos impulsan a seguir trabajando con m√°s pasi√≥n y amor por lo que hacemos. üíõ","Estas son las reacciones que nos impulsan a seguir trabajando con m√°s pasi√≥n y amor por lo que hacemos. üíõ","","","2022-01-26 16:21:55","1643232115","https://scontent.fbog2-4.fna.fbcdn.net/v/t39.30808-6/272433181_474508067617577_4313323646267726291_n.jpg?stp=cp0_dst-jpg_e15_fr_q65&_nc_cat=108&ccb=1-5&_nc_sid=8024bb&_nc_ohc=ZN1Vob0O17AAX8bY3ZP&_nc_ht=scontent.fbog2-4.fna&oh=00_AT9Wg89TyLDk1I7owOYcsOhhByCm5PPSgUz-P83c30ursw&oe=62446F7A","https://scontent.fbog2-4.fna.fbcdn.net/v/t39.30808-6/272433181_474508067617577_4313323646267726291_n.jpg?stp=cp0_dst-jpg_e15_p320x320_q65&_nc_cat=108&ccb=1-5&_nc_sid=8024bb&_nc_ohc=ZN1Vob0O17AAX8bY3ZP&_nc_ht=scontent.fbog2-4.fna&oh=00_AT9mStjq-opSenMtLMc3JkbmXsCiec3j1m7Kjc43PYLbTA&oe=62446F7A","['https://scontent.fbog2-4.fna.fbcdn.net/v/t39.30808-6/272433181_474508067617577_4313323646267726291_n.jpg?stp=cp0_dst-jpg_e15_fr_q65&_nc_cat=108&ccb=1-5&_nc_sid=8024bb&_nc_ohc=ZN1Vob0O17AAX8bY3ZP&_nc_ht=scontent.fbog2-4.fna&oh=00_AT9Wg89TyLDk1I7owOYcsOhhByCm5PPSgUz-P83c30ursw&oe=62446F7A']","[""May be an image of text that says 'Siempre me llegan mis pedidos en perfectas condiciones y a tiempo, espero que esto siga as√≠ Responder S'""]","['https://scontent.fbog2-4.fna.fbcdn.net/v/t39.30808-6/272433181_474508067617577_4313323646267726291_n.jpg?stp=cp0_dst-jpg_e15_p320x320_q65&_nc_cat=108&ccb=1-5&_nc_sid=8024bb&_nc_ohc=ZN1Vob0O17AAX8bY3ZP&_nc_ht=scontent.fbog2-4.fna&oh=00_AT9mStjq-opSenMtLMc3JkbmXsCiec3j1m7Kjc43PYLbTA&oe=62446F7A']","[""May be an image of text that says 'Siempre me llegan mis pedidos en perfectas condiciones y a tiempo, espero que esto siga as√≠ Responder S'""]","","","","","","","","","","110","100","1","https://facebook.com/mercadolibrecol/posts/474508114284239","","[]","113375567064164","Mercado Libre","https://facebook.com/mercadolibrecol/?locale2=en_US&__tn__=C-R","","","","","","","","1","","","","","","","113375567064164","","474508077617576","['474508077617576']",""
"471242351277482","¬øSab√≠as que uno de los m√©todos de pago que aceptamos es tu tarjeta de cr√©dito?üí≥ ¬øY que tooodos los datos que cargues est√°n 100% protegidos? Aqu√≠ la info para que los reconozcas! ü§© Comprar en mercado libre es lo m√°s pr√°ctico y seguro del mundo. üööüì¶","¬øSab√≠as que uno de los m√©todos de pago que aceptamos es tu tarjeta de cr√©dito?üí≥ ¬øY que tooodos los datos que cargues est√°n 100% protegidos? Aqu√≠ la info para que los reconozcas! ü§© Comprar en mercado libre es lo m√°s pr√°ctico y seguro del mundo. üööüì¶","","","2022-01-21 10:50:01","1642780201","https://scontent.fbog2-4.fna.fbcdn.net/v/t39.30808-6/272254518_471242154610835_235694950506111784_n.jpg?stp=cp0_dst-jpg_e15_fr_q65&_nc_cat=107&ccb=1-5&_nc_sid=8024bb&_nc_ohc=5imvkrDCsWkAX-Z4pUE&_nc_ht=scontent.fbog2-4.fna&oh=00_AT9Q4IWTBeQHoZkpxvTK9OpByCiUSQ0FKRz-NOVTyej-qQ&oe=6242A754","https://scontent.fbog2-4.fna.fbcdn.net/v/t39.30808-6/272254518_471242154610835_235694950506111784_n.jpg?stp=cp0_dst-jpg_e15_p320x320_q65&_nc_cat=107&ccb=1-5&_nc_sid=8024bb&_nc_ohc=5imvkrDCsWkAX-Z4pUE&_nc_ht=scontent.fbog2-4.fna&oh=00_AT-BjGCsCM_zjYD2v3dAlElRHLaM4nAHC2y8BzZqlZ5fcg&oe=6242A754","['https://scontent.fbog2-4.fna.fbcdn.net/v/t39.30808-6/272254518_471242154610835_235694950506111784_n.jpg?stp=cp0_dst-jpg_e15_fr_q65&_nc_cat=107&ccb=1-5&_nc_sid=8024bb&_nc_ohc=5imvkrDCsWkAX-Z4pUE&_nc_ht=scontent.fbog2-4.fna&oh=00_AT9Q4IWTBeQHoZkpxvTK9OpByCiUSQ0FKRz-NOVTyej-qQ&oe=6242A754']","[""May be an image of text that says 'Logo entidad emisora Chip de seguridad Cr√©dito Fecha de caducidad 4000 0012 3456 7899 ‡πÄ‡∏£‡∏¥‡∏°‡∏≠‡∏£‡∏°‡∏≠‡∏≤‡∏° 12/20 JOSE MARIA SANCHEZ BIN de la tarjeta VISA Marca internacional Nombre del itular de tarjeta Banda magn√©tica Panel de firma Puntos Â∑≤SM KETUS Walct CVV CVC SPLUS Datos de contacto del la entidad emisora'""]","['https://scontent.fbog2-4.fna.fbcdn.net/v/t39.30808-6/272254518_471242154610835_235694950506111784_n.jpg?stp=cp0_dst-jpg_e15_p320x320_q65&_nc_cat=107&ccb=1-5&_nc_sid=8024bb&_nc_ohc=5imvkrDCsWkAX-Z4pUE&_nc_ht=scontent.fbog2-4.fna&oh=00_AT-BjGCsCM_zjYD2v3dAlElRHLaM4nAHC2y8BzZqlZ5fcg&oe=6242A754']","[""May be an image of text that says 'Logo entidad emisora Chip de seguridad Cr√©dito Fecha de caducidad 4000 0012 3456 7899 ‡πÄ‡∏£‡∏¥‡∏°‡∏≠‡∏£‡∏°‡∏≠‡∏≤‡∏° 12/20 JOSE MARIA SANCHEZ BIN de la tarjeta VISA Marca internacional Nombre del itular de tarjeta Banda magn√©tica Panel de firma Puntos Â∑≤SM KETUS Walct CVV CVC SPLUS Datos de contacto del la entidad emisora'""]","","","","","","","","","","37","63","1","https://facebook.com/mercadolibrecol/posts/471242351277482","","[]","113375567064164","Mercado Libre","https://facebook.com/mercadolibrecol/?locale2=en_US&__tn__=C-R","","","","","","","","1","","","","","","","113375567064164","","471242164610834","['471242164610834']",""
"466417471759970","¬°Te ayudamos a tachar esta lista! üòâ Encuentra todo lo necesario para que tus hijos vuelvan al colegio a darla toda. üìöüìê‚úÇ","¬°Te ayudamos a tachar esta lista! üòâ Encuentra todo lo necesario para que tus hijos vuelvan al colegio a darla toda. üìöüìê‚úÇ","","","2022-01-13 15:14:57","1642104897","https://scontent.fbog2-5.fna.fbcdn.net/v/t39.30808-6/271858069_466417418426642_5325291102803763524_n.jpg?stp=cp0_dst-jpg_e15_fr_q65&_nc_cat=109&ccb=1-5&_nc_sid=8024bb&_nc_ohc=7ips_qaNpe0AX-s2RRE&_nc_ht=scontent.fbog2-5.fna&oh=00_AT-U3HBW92YIm_4-BMnb9qgt9cIEGTpRFA_-XndkAk_6cw&oe=6242B149","https://scontent.fbog2-5.fna.fbcdn.net/v/t39.30808-6/271858069_466417418426642_5325291102803763524_n.jpg?stp=cp0_dst-jpg_e15_p320x320_q65&_nc_cat=109&ccb=1-5&_nc_sid=8024bb&_nc_ohc=7ips_qaNpe0AX-s2RRE&_nc_ht=scontent.fbog2-5.fna&oh=00_AT-YpWrPSUmFNg4nQnyPg_oTF0jrVZf3EvNbRiBCn1Cj4Q&oe=6242B149","['https://scontent.fbog2-5.fna.fbcdn.net/v/t39.30808-6/271858069_466417418426642_5325291102803763524_n.jpg?stp=cp0_dst-jpg_e15_fr_q65&_nc_cat=109&ccb=1-5&_nc_sid=8024bb&_nc_ohc=7ips_qaNpe0AX-s2RRE&_nc_ht=scontent.fbog2-5.fna&oh=00_AT-U3HBW92YIm_4-BMnb9qgt9cIEGTpRFA_-XndkAk_6cw&oe=6242B149']","[""May be an image of text that says 'Date 1caja de colores. 1caja de lapices neg negros 10 cuadernos cuadriculados peque√±os 5 cuadernos terrocarril. 2 cajas de plastilina. 10 pliegos de cartulina. 1taja de t√©mperas. 1 pincel delgado.'""]","['https://scontent.fbog2-5.fna.fbcdn.net/v/t39.30808-6/271858069_466417418426642_5325291102803763524_n.jpg?stp=cp0_dst-jpg_e15_p320x320_q65&_nc_cat=109&ccb=1-5&_nc_sid=8024bb&_nc_ohc=7ips_qaNpe0AX-s2RRE&_nc_ht=scontent.fbog2-5.fna&oh=00_AT-YpWrPSUmFNg4nQnyPg_oTF0jrVZf3EvNbRiBCn1Cj4Q&oe=6242B149']","[""May be an image of text that says 'Date 1caja de colores. 1caja de lapices neg negros 10 cuadernos cuadriculados peque√±os 5 cuadernos terrocarril. 2 cajas de plastilina. 10 pliegos de cartulina. 1taja de t√©mperas. 1 pincel delgado.'""]","","","","","","","","","","51","69","3","https://facebook.com/mercadolibrecol/posts/466417471759970","","[]","113375567064164","Mercado Libre","https://facebook.com/mercadolibrecol/?locale2=en_US&__tn__=C-R","","","","","","","","1","","","","","","","113375567064164","","466417421759975","['466417421759975']",""
"378921900509528","","","","","2022-01-06 10:48:23","1641484103","https://scontent.fbog2-5.fna.fbcdn.net/v/t39.30808-6/240402811_378921907176194_9093349045853030723_n.png?_nc_cat=103&ccb=1-5&_nc_sid=dd9801&_nc_ohc=DeWWgCcCHBQAX-6Z8yE&_nc_ht=scontent.fbog2-5.fna&oh=00_AT9H3gXl19QWfsMNmOKfDLeGVYA_yP9wKoLjjEdKVu6Tug&oe=62436A0E","https://scontent.fbog2-5.fna.fbcdn.net/v/t39.30808-6/240402811_378921907176194_9093349045853030723_n.png?stp=dst-png_s320x320&_nc_cat=103&ccb=1-5&_nc_sid=dd9801&_nc_ohc=DeWWgCcCHBQAX-6Z8yE&_nc_ht=scontent.fbog2-5.fna&oh=00_AT9YgwpkYHY6TP8SxCMmmeKwIQ556RknbYBFEiiu2C2dVg&oe=62436A0E","['https://scontent.fbog2-5.fna.fbcdn.net/v/t39.30808-6/240402811_378921907176194_9093349045853030723_n.png?_nc_cat=103&ccb=1-5&_nc_sid=dd9801&_nc_ohc=DeWWgCcCHBQAX-6Z8yE&_nc_ht=scontent.fbog2-5.fna&oh=00_AT9H3gXl19QWfsMNmOKfDLeGVYA_yP9wKoLjjEdKVu6Tug&oe=62436A0E']","[""May be an image of text that says '‚óÅ ENV√çOS GRATIS entre 24 y 48 horas a todo Colombia.'""]","['https://scontent.fbog2-5.fna.fbcdn.net/v/t39.30808-6/240402811_378921907176194_9093349045853030723_n.png?stp=dst-png_s320x320&_nc_cat=103&ccb=1-5&_nc_sid=dd9801&_nc_ohc=DeWWgCcCHBQAX-6Z8yE&_nc_ht=scontent.fbog2-5.fna&oh=00_AT9YgwpkYHY6TP8SxCMmmeKwIQ556RknbYBFEiiu2C2dVg&oe=62436A0E']","[""May be an image of text that says '‚óÅ ENV√çOS GRATIS entre 24 y 48 horas a todo Colombia.'""]","","","","","","","","","","294","574","10","https://facebook.com/mercadolibrecol/posts/378921900509528","","[]","113375567064164","Mercado Libre","https://facebook.com/mercadolibrecol/?locale2=en_US&__tn__=C-R","","","","","","","","1","","","","","","","113375567064164","","378921900509528","['378921900509528']",""
"457723309296053","¬øYa los tienes listos como nosotros? üòè Recibamos el 2022 üéÜ con la mejor energ√≠a y que la prosperidad llene nuestro hogar. ü•≥üçæ ¬°Les deseamos un feliz a√±o!","¬øYa los tienes listos como nosotros? üòè Recibamos el 2022 üéÜ con la mejor energ√≠a y que la prosperidad llene nuestro hogar. ü•≥üçæ ¬°Les deseamos un feliz a√±o!","","","2021-12-31 09:51:47","1640962307","https://scontent.fbog2-4.fna.fbcdn.net/v/t39.30808-6/270374202_457723275962723_6124146985179935831_n.jpg?stp=cp0_dst-jpg_e15_fr_q65&_nc_cat=100&ccb=1-5&_nc_sid=9e2e56&_nc_ohc=OZpO46od3kEAX8kMaHI&_nc_ht=scontent.fbog2-4.fna&oh=00_AT8xBc-FNdhQDSr6ww7Bq-WFlZW27JMLtbKA9t5h4PCm_A&oe=62440B0A","https://scontent.fbog2-4.fna.fbcdn.net/v/t39.30808-6/270374202_457723275962723_6124146985179935831_n.jpg?stp=cp0_dst-jpg_e15_p320x320_q65&_nc_cat=100&ccb=1-5&_nc_sid=9e2e56&_nc_ohc=OZpO46od3kEAX8kMaHI&_nc_ht=scontent.fbog2-4.fna&oh=00_AT9dPX2N0YTkEMgO9RQ0FDCn0qfQeLlhdTBug1NBRrIRjA&oe=62440B0A","['https://scontent.fbog2-4.fna.fbcdn.net/v/t39.30808-6/270374202_457723275962723_6124146985179935831_n.jpg?stp=cp0_dst-jpg_e15_fr_q65&_nc_cat=100&ccb=1-5&_nc_sid=9e2e56&_nc_ohc=OZpO46od3kEAX8kMaHI&_nc_ht=scontent.fbog2-4.fna&oh=00_AT8xBc-FNdhQDSr6ww7Bq-WFlZW27JMLtbKA9t5h4PCm_A&oe=62440B0A']","['No photo description available.']","['https://scontent.fbog2-4.fna.fbcdn.net/v/t39.30808-6/270374202_457723275962723_6124146985179935831_n.jpg?stp=cp0_dst-jpg_e15_p320x320_q65&_nc_cat=100&ccb=1-5&_nc_sid=9e2e56&_nc_ohc=OZpO46od3kEAX8kMaHI&_nc_ht=scontent.fbog2-4.fna&oh=00_AT9dPX2N0YTkEMgO9RQ0FDCn0qfQeLlhdTBug1NBRrIRjA&oe=62440B0A']","['No photo description available.']","","","","","","","","","","59","83","0","https://facebook.com/mercadolibrecol/posts/457723309296053","","[]","113375567064164","Mercado Libre","https://facebook.com/mercadolibrecol/?locale2=en_US&__tn__=C-R","","","","","","","","1","","","","","","","113375567064164","","457723279296056","['457723279296056']",""
"452243339844050","¬°Hoy les deseamos una feliz navidad a todos! üéÑüéÅ Esperamos que tengan una noche incre√≠ble con sus familias y amigos. ü•∞","¬°Hoy les deseamos una feliz navidad a todos! üéÑüéÅ Esperamos que tengan una noche incre√≠ble con sus familias y amigos. ü•∞","","","2021-12-24 13:00:00","1640368800","https://scontent.fbog2-4.fna.fbcdn.net/v/t39.30808-6/269745105_452243063177411_1057156850341612670_n.jpg?stp=cp0_dst-jpg_e15_fr_q65&_nc_cat=107&ccb=1-5&_nc_sid=8024bb&_nc_ohc=rLWsNWVGGg8AX_mSGeN&_nc_ht=scontent.fbog2-4.fna&oh=00_AT9kgbV5gMEvMxbmcW1I47Lf-SfEXJjKSWYIoOHghqYDDg&oe=6243F8B1","https://scontent.fbog2-4.fna.fbcdn.net/v/t39.30808-6/269745105_452243063177411_1057156850341612670_n.jpg?stp=cp0_dst-jpg_e15_p320x320_q65&_nc_cat=107&ccb=1-5&_nc_sid=8024bb&_nc_ohc=rLWsNWVGGg8AX_mSGeN&_nc_ht=scontent.fbog2-4.fna&oh=00_AT_MrvCy5AOlV5B7Sp-xTLBLkSGHTsH74py8KDMh7WSGtQ&oe=6243F8B1","['https://scontent.fbog2-4.fna.fbcdn.net/v/t39.30808-6/269745105_452243063177411_1057156850341612670_n.jpg?stp=cp0_dst-jpg_e15_fr_q65&_nc_cat=107&ccb=1-5&_nc_sid=8024bb&_nc_ohc=rLWsNWVGGg8AX_mSGeN&_nc_ht=scontent.fbog2-4.fna&oh=00_AT9kgbV5gMEvMxbmcW1I47Lf-SfEXJjKSWYIoOHghqYDDg&oe=6243F8B1']","['May be an image of road']","['https://scontent.fbog2-4.fna.fbcdn.net/v/t39.30808-6/269745105_452243063177411_1057156850341612670_n.jpg?stp=cp0_dst-jpg_e15_p320x320_q65&_nc_cat=107&ccb=1-5&_nc_sid=8024bb&_nc_ohc=rLWsNWVGGg8AX_mSGeN&_nc_ht=scontent.fbog2-4.fna&oh=00_AT_MrvCy5AOlV5B7Sp-xTLBLkSGHTsH74py8KDMh7WSGtQ&oe=6243F8B1']","['May be an image of road']","","","","","","","","","","565","125","9","https://facebook.com/mercadolibrecol/posts/452243339844050","","[]","113375567064164","Mercado Libre","https://facebook.com/mercadolibrecol/?locale2=en_US&__tn__=C-R","","","","","","","","1","","","","","","","113375567064164","","452243069844077","['452243069844077']",""
"450986106636440","Sigue estos consejos para hacer tus compras de una manera mucho m√°s segura. üëå En Mercado Libre nos importa tu tranquilidad y satisfacci√≥n con nuestros servicios. üòâ Realiza todo el proceso en nuestra p√°gina oficial. www.mercadolibre.com.co","Sigue estos consejos para hacer tus compras de una manera mucho m√°s segura. üëå En Mercado Libre nos importa tu tranquilidad y satisfacci√≥n con nuestros servicios. üòâ Realiza todo el proceso en nuestra p√°gina oficial. www.mercadolibre.com.co","","","2021-12-20 10:57:50","1640015870","https://scontent.fbog2-4.fna.fbcdn.net/v/t39.30808-6/269755613_450985603303157_6392318768874318834_n.png?_nc_cat=101&ccb=1-5&_nc_sid=8024bb&_nc_ohc=y_QAc6lIcpkAX_oimof&_nc_ht=scontent.fbog2-4.fna&oh=00_AT8EZLzsHx7Om7znJ_mD_O_pI6rObcHtWRN3UegeFRyIhg&oe=6242B3DF","https://scontent.fbog2-4.fna.fbcdn.net/v/t39.30808-6/269755613_450985603303157_6392318768874318834_n.png?stp=dst-png_p320x320&_nc_cat=101&ccb=1-5&_nc_sid=8024bb&_nc_ohc=y_QAc6lIcpkAX_oimof&_nc_ht=scontent.fbog2-4.fna&oh=00_AT-JJrsPYvXQa39SkBCeKvS8mNomjFHiTLOoG8DDyCg5vg&oe=6242B3DF","['https://scontent.fbog2-4.fna.fbcdn.net/v/t39.30808-6/269755613_450985603303157_6392318768874318834_n.png?_nc_cat=101&ccb=1-5&_nc_sid=8024bb&_nc_ohc=y_QAc6lIcpkAX_oimof&_nc_ht=scontent.fbog2-4.fna&oh=00_AT8EZLzsHx7Om7znJ_mD_O_pI6rObcHtWRN3UegeFRyIhg&oe=6242B3DF']","[""May be an image of 1 person and text that says 'SIGUE ESTOS TIPS Y DEJA DE SENTIR MIEDO A LA HORA DE COMPRAR EN MERCADO LIBRE. Siempre ingresa en nuestra p√°gina oficial: www.mercadolibre.com.co No hagas ning√∫n pago fuera de la plataforma. No des los datos de tu tarjeta a ning√∫n tercero. No hagas compras en otras p√°ginas que se hagan pasar por nosotros.'""]","['https://scontent.fbog2-4.fna.fbcdn.net/v/t39.30808-6/269755613_450985603303157_6392318768874318834_n.png?stp=dst-png_p320x320&_nc_cat=101&ccb=1-5&_nc_sid=8024bb&_nc_ohc=y_QAc6lIcpkAX_oimof&_nc_ht=scontent.fbog2-4.fna&oh=00_AT-JJrsPYvXQa39SkBCeKvS8mNomjFHiTLOoG8DDyCg5vg&oe=6242B3DF']","[""May be an image of 1 person and text that says 'SIGUE ESTOS TIPS Y DEJA DE SENTIR MIEDO A LA HORA DE COMPRAR EN MERCADO LIBRE. Siempre ingresa en nuestra p√°gina oficial: www.mercadolibre.com.co No hagas ning√∫n pago fuera de la plataforma. No des los datos de tu tarjeta a ning√∫n tercero. No hagas compras en otras p√°ginas que se hagan pasar por nosotros.'""]","","","","","","","","","","89","141","9","https://facebook.com/mercadolibrecol/posts/450986106636440","https://www.mercadolibre.com.co/","[{'link': 'https://lm.facebook.com/l.php?u=https%3A%2F%2Fwww.mercadolibre.com.co%2F&h=AT31Se0N2hgVEZUCQ4Z5-PxwK6jRCfoG8wvOUphnwPimULYeSan7dvXYE4WGfXqKcgSX-FkPV_rcCJc_pjzEcNN7fi7FNpZ-dmN2LdsQNFGwCtE8QFzKThzPTjUK55sXTCsHGyc-j0-c5VupMPLT27qpoPKEErgIlSsEKHDYlnhK', 'text': 'www.mercadolibre.com.co'}]","113375567064164","Mercado Libre","https://facebook.com/mercadolibrecol/?locale2=en_US&__tn__=C-R","","","","","","","","1","","","","","","","113375567064164","","450985609969823","['450985609969823']",""
"444153533986364","","","","","2021-12-09 11:30:10","1639067410","https://scontent.fbog2-4.fna.fbcdn.net/v/t39.30808-6/264098541_444153527319698_3631708867360077195_n.jpg?stp=cp0_dst-jpg_e15_fr_q65&_nc_cat=100&ccb=1-5&_nc_sid=dd9801&_nc_ohc=2NXSHKHwWbAAX90nYvR&_nc_ht=scontent.fbog2-4.fna&oh=00_AT8cdqsC_KI6iBn0ewoyNw7slaTbKETyxv5uJPVNDVODMA&oe=62442C2C","https://scontent.fbog2-4.fna.fbcdn.net/v/t39.30808-6/264098541_444153527319698_3631708867360077195_n.jpg?stp=cp0_dst-jpg_e15_q65_s320x320&_nc_cat=100&ccb=1-5&_nc_sid=dd9801&_nc_ohc=2NXSHKHwWbAAX90nYvR&_nc_ht=scontent.fbog2-4.fna&oh=00_AT8UenDERYnrcpLqM7YMZ6RVfAX5QiwCtkUNWoiG2Q27IQ&oe=62442C2C","['https://scontent.fbog2-4.fna.fbcdn.net/v/t39.30808-6/264098541_444153527319698_3631708867360077195_n.jpg?stp=cp0_dst-jpg_e15_fr_q65&_nc_cat=100&ccb=1-5&_nc_sid=dd9801&_nc_ohc=2NXSHKHwWbAAX90nYvR&_nc_ht=scontent.fbog2-4.fna&oh=00_AT8cdqsC_KI6iBn0ewoyNw7slaTbKETyxv5uJPVNDVODMA&oe=62442C2C']","[""May be an image of 2 people and text that says 'En estas fiestas, lo mejor est√° llegando. E'""]","['https://scontent.fbog2-4.fna.fbcdn.net/v/t39.30808-6/264098541_444153527319698_3631708867360077195_n.jpg?stp=cp0_dst-jpg_e15_q65_s320x320&_nc_cat=100&ccb=1-5&_nc_sid=dd9801&_nc_ohc=2NXSHKHwWbAAX90nYvR&_nc_ht=scontent.fbog2-4.fna&oh=00_AT8UenDERYnrcpLqM7YMZ6RVfAX5QiwCtkUNWoiG2Q27IQ&oe=62442C2C']","[""May be an image of 2 people and text that says 'En estas fiestas, lo mejor est√° llegando. E'""]","","","","","","","","","","74","231","2","https://facebook.com/mercadolibrecol/posts/444153533986364","","[]","113375567064164","Mercado Libre","https://facebook.com/mercadolibrecol/?locale2=en_US&__tn__=C-R","","","","","","","","1","","","","","","","113375567064164","","444153533986364","['444153533986364']",""
"443044150763969","¬°En Mercado Libre tambi√©n prendimos nuestras velitas! üïØüéÑDedicada a ustedes que siempre est√°n con nosotros en cada paso. üíõü•∞","¬°En Mercado Libre tambi√©n prendimos nuestras velitas! üïØüéÑDedicada a ustedes que siempre est√°n con nosotros en cada paso. üíõü•∞","","","2021-12-07 17:00:07","1638914407","https://scontent.fbog2-5.fna.fbcdn.net/v/t39.30808-6/263756911_443044117430639_2240098757199102002_n.jpg?stp=cp0_dst-jpg_e15_fr_q65&_nc_cat=102&ccb=1-5&_nc_sid=9e2e56&_nc_ohc=nRBdrkdk8mwAX_xw8JQ&_nc_ht=scontent.fbog2-5.fna&oh=00_AT9_bOyHj0KfPXh2rRP7ugvkf75Nwz6uGIOMFXESOX3I9w&oe=6243CB56","https://scontent.fbog2-5.fna.fbcdn.net/v/t39.30808-6/263756911_443044117430639_2240098757199102002_n.jpg?stp=cp0_dst-jpg_e15_p320x320_q65&_nc_cat=102&ccb=1-5&_nc_sid=9e2e56&_nc_ohc=nRBdrkdk8mwAX_xw8JQ&_nc_ht=scontent.fbog2-5.fna&oh=00_AT9Dcf2XQ-SLpxbKI6xsN6BcNEmixrQp2X327r14EhvtQw&oe=6243CB56","['https://scontent.fbog2-5.fna.fbcdn.net/v/t39.30808-6/263756911_443044117430639_2240098757199102002_n.jpg?stp=cp0_dst-jpg_e15_fr_q65&_nc_cat=102&ccb=1-5&_nc_sid=9e2e56&_nc_ohc=nRBdrkdk8mwAX_xw8JQ&_nc_ht=scontent.fbog2-5.fna&oh=00_AT9_bOyHj0KfPXh2rRP7ugvkf75Nwz6uGIOMFXESOX3I9w&oe=6243CB56']","['No photo description available.']","['https://scontent.fbog2-5.fna.fbcdn.net/v/t39.30808-6/263756911_443044117430639_2240098757199102002_n.jpg?stp=cp0_dst-jpg_e15_p320x320_q65&_nc_cat=102&ccb=1-5&_nc_sid=9e2e56&_nc_ohc=nRBdrkdk8mwAX_xw8JQ&_nc_ht=scontent.fbog2-5.fna&oh=00_AT9Dcf2XQ-SLpxbKI6xsN6BcNEmixrQp2X327r14EhvtQw&oe=6243CB56']","['No photo description available.']","","","","","","","","","","208","100","1","https://facebook.com/mercadolibrecol/posts/443044150763969","","[]","113375567064164","Mercado Libre","https://facebook.com/mercadolibrecol/?locale2=en_US&__tn__=C-R","","","","","","","","1","","","","","","","113375567064164","","443044120763972","['443044120763972']",""
"442410784160639","Siempre realiza tus compras en nuestras p√°gina oficial üëâ www.mercadolibre.com.co y no te expongas a fraudes e inseguridades. ‚úÖ","Siempre realiza tus compras en nuestras p√°gina oficial üëâ www.mercadolibre.com.co y no te expongas a fraudes e inseguridades. ‚úÖ","","","2021-12-06 17:05:01","1638828301","https://scontent.fbog2-4.fna.fbcdn.net/v/t39.30808-6/264431306_442410580827326_3327141372851450927_n.jpg?stp=cp0_dst-jpg_e15_fr_q65&_nc_cat=101&ccb=1-5&_nc_sid=8024bb&_nc_ohc=SIIGahfSV5QAX-tppA6&_nc_ht=scontent.fbog2-4.fna&oh=00_AT_w89TypACLq7CdP2cYSNR5YGpzp87nHThGcHPIb6enMQ&oe=62437561","https://scontent.fbog2-4.fna.fbcdn.net/v/t39.30808-6/264431306_442410580827326_3327141372851450927_n.jpg?stp=cp0_dst-jpg_e15_p320x320_q65&_nc_cat=101&ccb=1-5&_nc_sid=8024bb&_nc_ohc=SIIGahfSV5QAX-tppA6&_nc_ht=scontent.fbog2-4.fna&oh=00_AT9p0vq-0UG0aCrgi1mEzC8oNkNvbc8V4unSfwAzJWhuSg&oe=62437561","['https://scontent.fbog2-4.fna.fbcdn.net/v/t39.30808-6/264431306_442410580827326_3327141372851450927_n.jpg?stp=cp0_dst-jpg_e15_fr_q65&_nc_cat=101&ccb=1-5&_nc_sid=8024bb&_nc_ohc=SIIGahfSV5QAX-tppA6&_nc_ht=scontent.fbog2-4.fna&oh=00_AT_w89TypACLq7CdP2cYSNR5YGpzp87nHThGcHPIb6enMQ&oe=62437561']","[""May be an image of text that says 'NO QUEREMOS QUE LES PASE ESTO: Compr√© en una p√°gina que supuestamente era Mercado libre y sal√≠ estafado Responder Nuestra p√°gina oficial es: www.mercadolibre.com.co Nuestra app oficial la encuentran como Mercado Libre en Android y iOS.'""]","['https://scontent.fbog2-4.fna.fbcdn.net/v/t39.30808-6/264431306_442410580827326_3327141372851450927_n.jpg?stp=cp0_dst-jpg_e15_p320x320_q65&_nc_cat=101&ccb=1-5&_nc_sid=8024bb&_nc_ohc=SIIGahfSV5QAX-tppA6&_nc_ht=scontent.fbog2-4.fna&oh=00_AT9p0vq-0UG0aCrgi1mEzC8oNkNvbc8V4unSfwAzJWhuSg&oe=62437561']","[""May be an image of text that says 'NO QUEREMOS QUE LES PASE ESTO: Compr√© en una p√°gina que supuestamente era Mercado libre y sal√≠ estafado Responder Nuestra p√°gina oficial es: www.mercadolibre.com.co Nuestra app oficial la encuentran como Mercado Libre en Android y iOS.'""]","","","","","","","","","","133","149","24","https://facebook.com/mercadolibrecol/posts/442410784160639","https://www.mercadolibre.com.co/","[{'link': 'https://lm.facebook.com/l.php?u=https%3A%2F%2Fwww.mercadolibre.com.co%2F&h=AT0qd-L4LFlT6QgyPMv2OnFLfVN0CMP-SDgDowMKXkv8vtDWGoPWS09w8gLEZDStvHt55SjKSnNw2fjXkLFyO3m7LCYEkxdWsWEx9gd3PfWqz9jEvFwujrXiXD1hO_r1kCy02fmWuGKrZXgWL9cQYA3_I9X8y3cAOe2pnEPOJ4A5', 'text': 'www.mercadolibre.com.co'}]","113375567064164","Mercado Libre","https://facebook.com/mercadolibrecol/?locale2=en_US&__tn__=C-R","","","","","","","","1","","","","","","","113375567064164","","442410584160659","['442410584160659']",""
"434645688270482","¬°Que no te quepan dudas! Junto a mi las compras siempre estar√°n protegidas. üêæ Si tienes dudas sobre tus futuras compras, para eso estoy yo. Siempre a tu servicio. üíõ","¬°Que no te quepan dudas! Junto a mi las compras siempre estar√°n protegidas. üêæ Si tienes dudas sobre tus futuras compras, para eso estoy yo. Siempre a tu servicio. üíõ","","","2021-11-24 10:54:19","1637769259","https://scontent.fbog2-3.fna.fbcdn.net/v/t39.30808-6/259733561_434645561603828_504644856658366304_n.jpg?stp=cp0_dst-jpg_e15_fr_q65&_nc_cat=106&ccb=1-5&_nc_sid=8024bb&_nc_ohc=yK48Ng6_NcoAX9Q_Ah1&_nc_oc=AQkzq3l6Oloudefy6eTTxfsGFdR8cYkrz2qTHIeQVXB8-qbU8wj4MKa7X661rpr3nC8&_nc_ht=scontent.fbog2-3.fna&oh=00_AT9WKlgaqKt_e1ASXjSkAoIz3pbVLtH8bEW57Eedb7YNbA&oe=62444C7B","https://scontent.fbog2-3.fna.fbcdn.net/v/t39.30808-6/259733561_434645561603828_504644856658366304_n.jpg?stp=cp0_dst-jpg_e15_p160x160_q65&_nc_cat=106&ccb=1-5&_nc_sid=8024bb&_nc_ohc=yK48Ng6_NcoAX9Q_Ah1&_nc_oc=AQkzq3l6Oloudefy6eTTxfsGFdR8cYkrz2qTHIeQVXB8-qbU8wj4MKa7X661rpr3nC8&_nc_ht=scontent.fbog2-3.fna&oh=00_AT-NosO9nRFsiM4me0HUobWgEdvcjv3eD2hun8Zo-G52RA&oe=62444C7B","['https://scontent.fbog2-3.fna.fbcdn.net/v/t39.30808-6/259733561_434645561603828_504644856658366304_n.jpg?stp=cp0_dst-jpg_e15_fr_q65&_nc_cat=106&ccb=1-5&_nc_sid=8024bb&_nc_ohc=yK48Ng6_NcoAX9Q_Ah1&_nc_oc=AQkzq3l6Oloudefy6eTTxfsGFdR8cYkrz2qTHIeQVXB8-qbU8wj4MKa7X661rpr3nC8&_nc_ht=scontent.fbog2-3.fna&oh=00_AT9WKlgaqKt_e1ASXjSkAoIz3pbVLtH8bEW57Eedb7YNbA&oe=62444C7B', 'https://scontent.fbog2-5.fna.fbcdn.net/v/t39.30808-6/261028432_434645508270500_5593620678071534057_n.jpg?stp=cp0_dst-jpg_e15_fr_q65&_nc_cat=105&ccb=1-5&_nc_sid=8024bb&_nc_ohc=025iPQovKyMAX_0WkEE&_nc_ht=scontent.fbog2-5.fna&oh=00_AT9VGxWx00ECV_8n0CWnmlgOqi3SNQVqEPrA3W91Mzr2ZQ&oe=62434528', 'https://scontent.fbog2-3.fna.fbcdn.net/v/t39.30808-6/259823432_434645608270490_2717956611491957024_n.jpg?stp=cp0_dst-jpg_e15_fr_q65&_nc_cat=106&ccb=1-5&_nc_sid=8024bb&_nc_ohc=WIqAHIuNs4QAX9MsjI2&_nc_ht=scontent.fbog2-3.fna&oh=00_AT95yo-xzelnlnzy18blhd5rwi3rS5YiddWmnEZtTcEQEg&oe=6243FBB3', 'https://scontent.fbog2-4.fna.fbcdn.net/v/t39.30808-6/259105989_434645524937165_6394601481859862972_n.jpg?stp=cp0_dst-jpg_e15_fr_q65&_nc_cat=101&ccb=1-5&_nc_sid=8024bb&_nc_ohc=NIRgGKgkU90AX_nkmXo&_nc_ht=scontent.fbog2-4.fna&oh=00_AT-EcDdFvjsR0C-kTRulvaTE_PnaR90EVFqz5qax89ZGCg&oe=6243A988']","[""May be an image of dog and text that says 'LOS CONSEJOS M√ÅS SEGUROS P√çDEMELOS A MI MAX COMPRA PROTEGIDA'"", ""May be an image of dog and text that says '¬øTIENES DUDAS? Jos√© Luis Rodr√≠guez @jlrgz71 -Jul @ML @ML_Ayuda Tengo una preocupaci√≥n...acerca de un vendedor'"", ""May be an image of dog and text that says 'SIEMPRE TENDR√â RESPUESTAS PARA TODO Mercado Libre Ayuda @ML_Ayuda Replyingt @jirgz71 Hola, Jos√©. Para que tus compras sean seguras, contamos con un programa de protecci√≥n al comprador. Conoce m√°s informaci√≥n aqu√≠: it.ly/2ARC37S Si realizas la compra trav√©s de Mercado Libre, continuas nuestras instrucciones de pago, tus operaciones ser√°n exitosas.'"", ""May be an image of \u200e1 person, dog and \u200etext that says '\u200eY T√ö QUEDAR√ÅS FELIZ. Jos√© Luis Rodr√≠guez @jrgz71 .Jul9 Ya quedo, ya tengo mis respuestas gracias Sr. ML t◊ë\u200e'\u200e\u200e""]","['https://scontent.fbog2-3.fna.fbcdn.net/v/t39.30808-6/259733561_434645561603828_504644856658366304_n.jpg?stp=cp0_dst-jpg_e15_p160x160_q65&_nc_cat=106&ccb=1-5&_nc_sid=8024bb&_nc_ohc=yK48Ng6_NcoAX9Q_Ah1&_nc_oc=AQkzq3l6Oloudefy6eTTxfsGFdR8cYkrz2qTHIeQVXB8-qbU8wj4MKa7X661rpr3nC8&_nc_ht=scontent.fbog2-3.fna&oh=00_AT-NosO9nRFsiM4me0HUobWgEdvcjv3eD2hun8Zo-G52RA&oe=62444C7B', 'https://scontent.fbog2-5.fna.fbcdn.net/v/t39.30808-6/261028432_434645508270500_5593620678071534057_n.jpg?stp=cp0_dst-jpg_e15_p160x160_q65&_nc_cat=105&ccb=1-5&_nc_sid=8024bb&_nc_ohc=025iPQovKyMAX_0WkEE&_nc_ht=scontent.fbog2-5.fna&oh=00_AT-L7jBUDO476NH8sdiBcmQ6WmTdXbcyRk6sqJG9pLS_vA&oe=62434528', 'https://scontent.fbog2-3.fna.fbcdn.net/v/t39.30808-6/259823432_434645608270490_2717956611491957024_n.jpg?stp=cp0_dst-jpg_e15_p160x160_q65&_nc_cat=106&ccb=1-5&_nc_sid=8024bb&_nc_ohc=WIqAHIuNs4QAX9MsjI2&_nc_ht=scontent.fbog2-3.fna&oh=00_AT-_Aj0yHmieSwI21l2dVesngqX0uaspADcrttY5iqBneA&oe=6243FBB3', 'https://scontent.fbog2-4.fna.fbcdn.net/v/t39.30808-6/259105989_434645524937165_6394601481859862972_n.jpg?stp=cp0_dst-jpg_e15_p160x160_q65&_nc_cat=101&ccb=1-5&_nc_sid=8024bb&_nc_ohc=NIRgGKgkU90AX_nkmXo&_nc_ht=scontent.fbog2-4.fna&oh=00_AT81wMlw9qVQoEAhggQ5kI4fy_Myu73DExeKGMm0ElMaYg&oe=6243A988']","[""May be an image of dog and text that says 'LOS CONSEJOS M√ÅS SEGUROS P√çDEMELOS A MI MAX COMPRA PROTEGIDA'"", ""May be an image of dog and text that says '¬øTIENES DUDAS? Jos√© Luis Rodr√≠guez @jlrgz71 -Jul @ML @ML_Ayuda Tengo una preocupaci√≥n...acerca de un vendedor'"", ""May be an image of dog and text that says 'SIEMPRE TENDR√â RESPUESTAS PARA TODO Mercado Libre Ayuda @ML_Ayuda Replyingt @jirgz71 Hola, Jos√©. Para que tus compras sean seguras, contamos con un programa de protecci√≥n al comprador. Conoce m√°s informaci√≥n aqu√≠: it.ly/2ARC37S Si realizas la compra trav√©s de Mercado Libre, continuas nuestras instrucciones de pago, tus operaciones ser√°n exitosas.'"", ""May be an image of \u200e1 person, dog and \u200etext that says '\u200eY T√ö QUEDAR√ÅS FELIZ. Jos√© Luis Rodr√≠guez @jrgz71 .Jul9 Ya quedo, ya tengo mis respuestas gracias Sr. ML t◊ë\u200e'\u200e\u200e""]","","","","","","","","","","62","173","1","https://facebook.com/mercadolibrecol/posts/434645688270482","","[]","113375567064164","Mercado Libre","https://facebook.com/mercadolibrecol/?locale2=en_US&__tn__=C-R","","","","","","","","1","","","","","","","113375567064164","","","[]",""
"426817412386643","¬°Que un medio de pago nunca te frene en tus ganas de comprar algo! üì¶ En Mercado Libre tienes toodas esas opciones para pagar. Elige la que m√°s te guste. üíõ","¬°Que un medio de pago nunca te frene en tus ganas de comprar algo! üì¶ En Mercado Libre tienes toodas esas opciones para pagar. Elige la que m√°s te guste. üíõ","","","2021-11-12 10:50:05","1636732205","https://scontent.fbog2-3.fna.fbcdn.net/v/t39.30808-6/247826988_426817062386678_6061486827238893046_n.jpg?stp=cp0_dst-jpg_e15_fr_q65&_nc_cat=104&ccb=1-5&_nc_sid=8024bb&_nc_ohc=TtGDHFsFhjgAX9ejvYv&_nc_ht=scontent.fbog2-3.fna&oh=00_AT-4Y6w_IBMT5kGS7oCQ46WrngTnYtl2x_K2gdVQK5la0w&oe=6244609F","https://scontent.fbog2-3.fna.fbcdn.net/v/t39.30808-6/247826988_426817062386678_6061486827238893046_n.jpg?stp=cp0_dst-jpg_e15_p320x320_q65&_nc_cat=104&ccb=1-5&_nc_sid=8024bb&_nc_ohc=TtGDHFsFhjgAX9ejvYv&_nc_ht=scontent.fbog2-3.fna&oh=00_AT8h2dPkW_6ZQ2fSzwyFB-UJSbsPNjgTmiSeSWMGoJXGVg&oe=6244609F","['https://scontent.fbog2-3.fna.fbcdn.net/v/t39.30808-6/247826988_426817062386678_6061486827238893046_n.jpg?stp=cp0_dst-jpg_e15_fr_q65&_nc_cat=104&ccb=1-5&_nc_sid=8024bb&_nc_ohc=TtGDHFsFhjgAX9ejvYv&_nc_ht=scontent.fbog2-3.fna&oh=00_AT-4Y6w_IBMT5kGS7oCQ46WrngTnYtl2x_K2gdVQK5la0w&oe=6244609F']","[""May be an image of text that says '¬øT√ö CU√ÅL PREFIERES? pse $efecty Baloto Autoriza COLJUEGOS mercado pago VISA MasterCard. AMERICAN EXPRESS MEE'""]","['https://scontent.fbog2-3.fna.fbcdn.net/v/t39.30808-6/247826988_426817062386678_6061486827238893046_n.jpg?stp=cp0_dst-jpg_e15_p320x320_q65&_nc_cat=104&ccb=1-5&_nc_sid=8024bb&_nc_ohc=TtGDHFsFhjgAX9ejvYv&_nc_ht=scontent.fbog2-3.fna&oh=00_AT8h2dPkW_6ZQ2fSzwyFB-UJSbsPNjgTmiSeSWMGoJXGVg&oe=6244609F']","[""May be an image of text that says '¬øT√ö CU√ÅL PREFIERES? pse $efecty Baloto Autoriza COLJUEGOS mercado pago VISA MasterCard. AMERICAN EXPRESS MEE'""]","","","","","","","","","","151","348","4","https://facebook.com/mercadolibrecol/posts/426817412386643","","[]","113375567064164","Mercado Libre","https://facebook.com/mercadolibrecol/?locale2=en_US&__tn__=C-R","","","","","","","","1","","","","","","","113375567064164","","426817065720011","['426817065720011']",""
"417300956671622","Te dejamos el paso a paso para comprar con PSE. üôå Guarda este video y aprende para que en este D√≠a sin IVA compres como todo un experto. ü§ìüì≤","Te dejamos el paso a paso para comprar con PSE. üôå Guarda este video y aprende para que en este D√≠a sin IVA compres como todo un experto. ü§ìüì≤","","","2021-10-28 11:55:03","1635440103","","https://scontent.fbog2-5.fna.fbcdn.net/v/t15.13418-10/249968738_672005297053384_7747883230131419892_n.jpg?stp=cp0_dst-jpg_e15_p320x320_q65&_nc_cat=110&ccb=1-5&_nc_sid=ccf8b3&_nc_ohc=Sxe717cnsMIAX8royi8&_nc_ht=scontent.fbog2-5.fna&oh=00_AT_FwYnIvT9PXUqu2s-OoQrvOm5FPtjk2zpohcNsQsVrTA&oe=62442502","[]","[]","['https://scontent.fbog2-5.fna.fbcdn.net/v/t15.13418-10/249968738_672005297053384_7747883230131419892_n.jpg?stp=cp0_dst-jpg_e15_p320x320_q65&_nc_cat=110&ccb=1-5&_nc_sid=ccf8b3&_nc_ohc=Sxe717cnsMIAX8royi8&_nc_ht=scontent.fbog2-5.fna&oh=00_AT_FwYnIvT9PXUqu2s-OoQrvOm5FPtjk2zpohcNsQsVrTA&oe=62442502']","[None]","https://video.fbog2-3.fna.fbcdn.net/v/t42.1790-2/248776090_307587944219792_5835588326617202311_n.mp4?_nc_cat=106&ccb=1-5&_nc_sid=985c63&efg=eyJ2ZW5jb2RlX3RhZyI6InN2ZV9zZCJ9&_nc_ohc=Xst2CrmvsCcAX9hxiVI&_nc_rml=0&_nc_ht=video.fbog2-3.fna&oh=00_AT-MGZMKMw-BvmQadeBdp2HQBrX29D6jqTesa6FrGTGGlQ&oe=623EB0B4","","","861322228083051","","","https://scontent.fbog2-5.fna.fbcdn.net/v/t15.13418-10/249968738_672005297053384_7747883230131419892_n.jpg?stp=cp0_dst-jpg_e15_p320x320_q65&_nc_cat=110&ccb=1-5&_nc_sid=ccf8b3&_nc_ohc=Sxe717cnsMIAX8royi8&_nc_ht=scontent.fbog2-5.fna&oh=00_AT_FwYnIvT9PXUqu2s-OoQrvOm5FPtjk2zpohcNsQsVrTA&oe=62442502","","","121","283","0","https://facebook.com/mercadolibrecol/posts/417300956671622","","[]","113375567064164","Mercado Libre","https://facebook.com/mercadolibrecol/?locale2=en_US&__tn__=C-R","","","","","","","","1","","","","","","","113375567064164","","","[]",""
"411426990592352","Pasamos por momentos dif√≠ciles, pero cada peque√±a compra ayud√≥. üíõ ¬°Mira todos los que se mueven y reactivan alrededor de una compra online!
Ilustraci√≥n de Una Reina del drama üòé","Pasamos por momentos dif√≠ciles, pero cada peque√±a compra ayud√≥. üíõ ¬°Mira todos los que se mueven y reactivan alrededor de una compra online!
Ilustraci√≥n de Una Reina del drama üòé","","","2021-10-19 18:00:02","1634684402","https://scontent.fbog2-4.fna.fbcdn.net/v/t39.30808-6/245372516_411426633925721_3396608301871128567_n.jpg?stp=cp0_dst-jpg_e15_fr_q65&_nc_cat=100&ccb=1-5&_nc_sid=8024bb&_nc_ohc=nsLuskqKjgIAX_5SeiQ&_nc_ht=scontent.fbog2-4.fna&oh=00_AT-Q9rB-TZFirsB0DpTRobKkxDO8v0SfBSbLOmquZbEf2w&oe=6243F284","https://scontent.fbog2-4.fna.fbcdn.net/v/t39.30808-6/245372516_411426633925721_3396608301871128567_n.jpg?stp=cp0_dst-jpg_e15_p320x320_q65&_nc_cat=100&ccb=1-5&_nc_sid=8024bb&_nc_ohc=nsLuskqKjgIAX_5SeiQ&_nc_ht=scontent.fbog2-4.fna&oh=00_AT_QW873AlNKz8hkDgVGIzzXQPuvSnmp2IC_PcdsbbQSlw&oe=6243F284","['https://scontent.fbog2-4.fna.fbcdn.net/v/t39.30808-6/245372516_411426633925721_3396608301871128567_n.jpg?stp=cp0_dst-jpg_e15_fr_q65&_nc_cat=100&ccb=1-5&_nc_sid=8024bb&_nc_ohc=nsLuskqKjgIAX_5SeiQ&_nc_ht=scontent.fbog2-4.fna&oh=00_AT-Q9rB-TZFirsB0DpTRobKkxDO8v0SfBSbLOmquZbEf2w&oe=6243F284']","['May be an illustration']","['https://scontent.fbog2-4.fna.fbcdn.net/v/t39.30808-6/245372516_411426633925721_3396608301871128567_n.jpg?stp=cp0_dst-jpg_e15_p320x320_q65&_nc_cat=100&ccb=1-5&_nc_sid=8024bb&_nc_ohc=nsLuskqKjgIAX_5SeiQ&_nc_ht=scontent.fbog2-4.fna&oh=00_AT_QW873AlNKz8hkDgVGIzzXQPuvSnmp2IC_PcdsbbQSlw&oe=6243F284']","['May be an illustration']","","","","","","","","","","164","169","11","https://facebook.com/mercadolibrecol/posts/411426990592352","","[{'link': '/unareinadeldrama/?locale2=en_US&__tn__=%2As-R', 'text': 'Una Reina del drama'}]","113375567064164","Mercado Libre","https://facebook.com/mercadolibrecol/?locale2=en_US&__tn__=C-R","","","","","","","","1","","","","","","","113375567064164","","411426637259054","['411426637259054']",""
"403849921350059","¬°Aprende a comprar en PSE desde tu pc! üëå Tienes que estar listo para todas las compras que vienen en el d√≠a sin IVA. üòçüì≤‚è±","¬°Aprende a comprar en PSE desde tu pc! üëå Tienes que estar listo para todas las compras que vienen en el d√≠a sin IVA. üòçüì≤‚è±","","","2021-10-08 18:05:01","1633734301","","https://scontent.fbog2-4.fna.fbcdn.net/v/t15.13418-10/244969147_6205098809564377_8254312616148287561_n.jpg?stp=cp0_dst-jpg_e15_p320x320_q65&_nc_cat=107&ccb=1-5&_nc_sid=ccf8b3&_nc_ohc=NDlxKOYQM_4AX_ZqgD2&_nc_ht=scontent.fbog2-4.fna&oh=00_AT-Zh7uu39DVTM-FiDLa5HORg2iv3hgp9WUg9htEhV3acg&oe=6243C9A6","[]","[]","['https://scontent.fbog2-4.fna.fbcdn.net/v/t15.13418-10/244969147_6205098809564377_8254312616148287561_n.jpg?stp=cp0_dst-jpg_e15_p320x320_q65&_nc_cat=107&ccb=1-5&_nc_sid=ccf8b3&_nc_ohc=NDlxKOYQM_4AX_ZqgD2&_nc_ht=scontent.fbog2-4.fna&oh=00_AT-Zh7uu39DVTM-FiDLa5HORg2iv3hgp9WUg9htEhV3acg&oe=6243C9A6']","[None]","https://video.fbog2-5.fna.fbcdn.net/v/t42.1790-2/244958854_1729311557253517_8912598465896585039_n.mp4?_nc_cat=103&ccb=1-5&_nc_sid=985c63&efg=eyJ2ZW5jb2RlX3RhZyI6InN2ZV9zZCJ9&_nc_ohc=G6JgfU3rGpUAX906HUx&_nc_rml=0&_nc_ht=video.fbog2-5.fna&oh=00_AT8dmjQGyEVd9xUpwbYZw3e9sw6dQXXi9R_D-QSDiQvUYA&oe=623EAED9","","","571980420713794","","","https://scontent.fbog2-4.fna.fbcdn.net/v/t15.13418-10/244969147_6205098809564377_8254312616148287561_n.jpg?stp=cp0_dst-jpg_e15_p320x320_q65&_nc_cat=107&ccb=1-5&_nc_sid=ccf8b3&_nc_ohc=NDlxKOYQM_4AX_ZqgD2&_nc_ht=scontent.fbog2-4.fna&oh=00_AT-Zh7uu39DVTM-FiDLa5HORg2iv3hgp9WUg9htEhV3acg&oe=6243C9A6","","","119","197","0","https://facebook.com/mercadolibrecol/posts/403849921350059","","[]","113375567064164","Mercado Libre","https://facebook.com/mercadolibrecol/?locale2=en_US&__tn__=C-R","","","","","","","","1","","","","","","","113375567064164","","","[]",""
"393584545709930","üê∂ Para que tengas la mejor experiencia en los Unboxing Days, siempre concreta tu compra dentro de la plataforma, as√≠ estar√°s protegido por nosotros. üêæ Sigue mis huellas para comprar con m√°xima seguridad.","üê∂ Para que tengas la mejor experiencia en los Unboxing Days, siempre concreta tu compra dentro de la plataforma, as√≠ estar√°s protegido por nosotros. üêæ Sigue mis huellas para comprar con m√°xima seguridad.","","","2021-09-22 11:33:25","1632328405","https://scontent.fbog2-4.fna.fbcdn.net/v/t39.30808-6/242662615_393584129043305_7508586793089286603_n.jpg?stp=cp0_dst-jpg_e15_fr_q65&_nc_cat=108&ccb=1-5&_nc_sid=8024bb&_nc_ohc=hI6NpPft9rcAX-1LVKy&_nc_ht=scontent.fbog2-4.fna&oh=00_AT_i6geBlgI8_XrQv8SDg6Sb_0oiWSSJFjkr4uPF9vboBg&oe=624472F1","https://scontent.fbog2-4.fna.fbcdn.net/v/t39.30808-6/242662615_393584129043305_7508586793089286603_n.jpg?stp=cp0_dst-jpg_e15_p320x320_q65&_nc_cat=108&ccb=1-5&_nc_sid=8024bb&_nc_ohc=hI6NpPft9rcAX-1LVKy&_nc_ht=scontent.fbog2-4.fna&oh=00_AT9grEVu4Ia72gQ8_EwhCVXcpVmyBF_PivNRb8nFD_xc3Q&oe=624472F1","['https://scontent.fbog2-4.fna.fbcdn.net/v/t39.30808-6/242662615_393584129043305_7508586793089286603_n.jpg?stp=cp0_dst-jpg_e15_fr_q65&_nc_cat=108&ccb=1-5&_nc_sid=8024bb&_nc_ohc=hI6NpPft9rcAX-1LVKy&_nc_ht=scontent.fbog2-4.fna&oh=00_AT_i6geBlgI8_XrQv8SDg6Sb_0oiWSSJFjkr4uPF9vboBg&oe=624472F1']","[""May be an image of dog and text that says 'CUANDO CONCRETO MI COMPRA POR MERCADO LIBRE Y S√â QUE MI PRODUCTO EST√Å PROTEGIDO CONSEJOS DE MAX M√ÅXIMA SEGURIDAD'""]","['https://scontent.fbog2-4.fna.fbcdn.net/v/t39.30808-6/242662615_393584129043305_7508586793089286603_n.jpg?stp=cp0_dst-jpg_e15_p320x320_q65&_nc_cat=108&ccb=1-5&_nc_sid=8024bb&_nc_ohc=hI6NpPft9rcAX-1LVKy&_nc_ht=scontent.fbog2-4.fna&oh=00_AT9grEVu4Ia72gQ8_EwhCVXcpVmyBF_PivNRb8nFD_xc3Q&oe=624472F1']","[""May be an image of dog and text that says 'CUANDO CONCRETO MI COMPRA POR MERCADO LIBRE Y S√â QUE MI PRODUCTO EST√Å PROTEGIDO CONSEJOS DE MAX M√ÅXIMA SEGURIDAD'""]","","","","","","","","","","123","213","4","https://facebook.com/mercadolibrecol/posts/393584545709930","","[]","113375567064164","Mercado Libre","https://facebook.com/mercadolibrecol/?locale2=en_US&__tn__=C-R","","","","","","","","1","","","","","","","113375567064164","","393584115709973","['393584115709973']",""
